Tên người nhận xét,Đánh giá,Nội dung,Thời gian
Nguyễn Văn A,5,Âm thanh tốt phòng sạch,15/10/2025 22:30
Trần Thị B,4,Bài hát mới cập nhật,14/10/2025 21:15
Phạm Hữu C,4,Phục vụ nhanh chóng,13/10/2025 23:45
Hoàng Mỹ D,5,Vui vẻ cùng bạn,12/10/2025 20:30
Lê Công E,3,Hơi đặt nhưng ok,11/10/2025 22:20
Vũ Thị F,5,Xứng đáng tiền bỏ ra,10/10/2025 21:50
Đỗ Hồng G,4,Không khí sôi nổi,09/10/2025 23:10
Bùi Minh H,5,Âm thanh rất hay,08/10/2025 20:45
Dương Thị I,4,Không hú không vượng,07/10/2025 22:35
Phan Văn K,4,Phòng thoáng không nóng,06/10/2025 21:20
Tạ Quốc L,5,Máy lạnh tốt,05/10/2025 23:40
Nông Thị M,4,Nhân viên vui vẻ,04/10/2025 20:15
Mã Văn N,5,Hệ thống âm thanh hiện đại,03/10/2025 22:50
Mạc Thị O,4,Đồ ăn nhanh giá ok,02/10/2025 21:30
Quách Minh P,4,Quân như thật lần đầu,01/10/2025 23:05
Trịnh Thị Q,5,Hát rất vui,30/09/2025 20:40
Sử Văn R,4,Quên thời gian khi hát,29/09/2025 22:25
Tôn Thị S,5,Chủ quán thân thiện,28/09/2025 21:10
Ứ Văn T,4,Nhân viên lịch sự,27/09/2025 23:35
Vương Thị U,4,Sẽ quay lại,26/09/2025 20:50
Nguyễn Văn A,5,Không ồn quá,25/09/2025 22:15
Trần Thị B,4,Âm thanh hay,24/09/2025 21:45
Phạm Hữu C,4,Phòng sạch sẽ,23/09/2025 23:20
Hoàng Mỹ D,5,Bài hát đầy đủ,22/09/2025 20:30
Lê Công E,4,Phục vụ tốt,21/09/2025 22:40
Vũ Thị F,5,Vui nhưng không quá ồn,20/09/2025 21:15
Đỗ Hồng G,4,Máy lạnh đủ mát,19/09/2025 23:50
Bùi Minh H,5,Ánh sáng phù hợp,18/09/2025 20:25
Dương Thị I,4,Chất lượng âm thanh cao,17/09/2025 22:35
Phan Văn K,4,Giá không quá cao,16/09/2025 21:05
Tạ Quốc L,5,Địa điểm yêu thích nhóm,15/09/2025 23:40
Nông Thị M,4,Lần đầu rất hài lòng,14/09/2025 20:15
Mã Văn N,5,Hát tới nửa đêm ok,13/09/2025 22:50
Mạc Thị O,4,Đồ ăn tốt,12/09/2025 21:20
Quách Minh P,4,Không khí vui vẻ,11/09/2025 23:10
Trịnh Thị Q,5,Nhân viên phục vụ nhanh,10/09/2025 20:45
Sử Văn R,4,Phòng rộng thoáng,09/09/2025 22:30
Tôn Thị S,5,Âm thanh tuyệt vời,08/09/2025 21:00
Ứ Văn T,4,Giá cạnh tranh,07/09/2025 23:25
Vương Thị U,4,Bài hát mới hay,06/09/2025 20:40
Nguyễn Văn A,5,Sẽ ở lại quán lâu,05/09/2025 22:15
Trần Thị B,4,Chủ quán vui vẻ,04/09/2025 21:35
Phạm Hữu C,4,Phục vụ chu đáo,03/09/2025 23:45
Hoàng Mỹ D,5,Bạn nào cũng hài lòng,02/09/2025 20:20
Lê Công E,3,Bình thường nhưng ok,01/09/2025 22:55
Vũ Thị F,5,Không khí sôi nổi,31/08/2025 21:15
Đỗ Hồng G,4,Nhân viên tử tế,30/08/2025 23:40
Bùi Minh H,5,Âm thanh không hú,29/08/2025 20:30
Dương Thị I,4,Phòng vệ sinh sạch,28/08/2025 22:20
Phan Văn K,4,Giá hợp lý,27/08/2025 21:50
Tạ Quốc L,5,Quán này tốt nhất,26/08/2025 23:10
Nông Thị M,4,Bài hát cập nhật mới,25/08/2025 20:45
Mã Văn N,5,Không khí vui tươi,24/08/2025 22:35
Mạc Thị O,4,Phục vụ nhanh chóng,23/08/2025 21:15
Quách Minh P,4,Chủ quán thân thiện,22/08/2025 23:50
Trịnh Thị Q,5,Hát tới muộn ok,21/08/2025 20:25
Sử Văn R,4,Phòng có quạt mát